Bad,Replace
anal,anxxx
anus,anxxx
arse,arxxx
ass,asxxx
asses,asxxx
assfucker,asxxx
ass-fucker,asxxx
asshole,asxxx
assholes,asxxx
asswhole,asxxx
ballsack,baxxx
bastard,baxxx
beaner,bexxx
bestial,bexxx
bitch,bixxx
bitches,bixxx
bitchin,bixxx
bitching,bixxx
blow job,blxxx
blowjob,blxxx
blowjobs,blxxx
bollock,boxxx
bollok,boxxx
boner,boxxx
boob,boxxx
boobs,boxxx
bugger,buxxx
bullshit,buxxx
bunny fucker,buxxx
butt,buxxx
butthole,buxxx
chink,chxxx
cholo,chxxx
cipa,cixxx
clit,clxxx
clitoris,clxxx
clits,clxxx
cock,coxxx
cockface,coxxx
cockhead,coxxx
cockmunch,coxxx
cockmuncher,coxxx
cocks,coxxx
cocksuck ,coxxx
cocksucked ,coxxx
cocksucker,coxxx
cock-sucker,coxxx
cocksucking,coxxx
cocksucks ,coxxx
coon,coxxx
cox,coxxx
cum,cuxxx
cummer,cuxxx
cumming,cuxxx
cums,cuxxx
cumshot,cuxxx
cunilingus,cuxxx
cunillingus,cuxxx
cunnilingus,cuxxx
cunt,cuxxx
cuntlick ,cuxxx
cuntlicker ,cuxxx
cuntlicking ,cuxxx
cunts,cuxxx
cyberfuck ,cyxxx
cyberfucked ,cyxxx
cyberfucker,cyxxx
cyberfuckers,cyxxx
cyberfucking ,cyxxx
damn,daxxx
dick,dixxx
dickhead,dixxx
dildo,dixxx
dildos,dixxx
dink,dixxx
dinks,dixxx
dirsa,dixxx
dlck,dlxxx
dog-fucker,doxxx
doggin,doxxx
dogging,doxxx
donkeyribber,doxxx
dyke,dyxxx
ejaculate,ejxxx
ejaculated,ejxxx
ejaculates ,ejxxx
ejaculating ,ejxxx
ejaculatings,ejxxx
ejaculation,ejxxx
ejakulate,ejxxx
f u c k,fxxx
f u c k e r,fxxx
fag,faxxx
fagging,faxxx
faggitt,faxxx
faggot,faxxx
faggs,faxxx
fagot,faxxx
fagots,faxxx
fags,faxxx
fanny,faxxx
fannyflaps,faxxx
fannyfucker,faxxx
felching,fexxx
fellate,fexxx
fellatio,fexxx
fingerfuck ,fixxx
fingerfucked ,fixxx
fingerfucker ,fixxx
fingerfuckers,fixxx
fingerfucking ,fixxx
fingerfucks ,fixxx
fistfuck,fixxx
fistfucked ,fixxx
fistfucker ,fixxx
fistfuckers ,fixxx
fistfucking ,fixxx
fistfuckings ,fixxx
fistfucks ,fixxx
flange,flxxx
fook,foxxx
fooker,foxxx
fuck,fxxx
fucka,fxxx
fucked,fxxx
fucker,fxxx
fuckers,fxxx
fuckhead,fxxx
fuckheads,fxxx
fuckin,fxxx
fucking,fxxx
fuckings,fxxx
fuckme ,fxxx
fucks,fxxx
fuckwhit,fxxx
fuckwit,fxxx
fudge packer,fxxx
fudgepacker,fxxx
gangbang,gaxxx
gangbanged ,gaxxx
gangbangs ,gaxxx
gaylord,gaxxx
gaysex,gaxxx
goatse,goxxx
god-dam,goxxx
goddamn,goxxx
goddamned,goxxx
god-damned,goxxx
gook,goxxx
homo,hoxxx
hore,hoxxx
horniest,hoxxx
horny,hoxxx
hotsex,hoxxx
jackoff,jaxxx
jack-off ,jaxxx
jap,jaxxx
jerk-off ,jexxx
jism,jixxx
jiz ,jixxx
jizm ,jixxx
jizz,jixxx
jungle bunny,juxxx
kaffer,kaxxx
kaffir,kaxxx
kaffre,kaxxx
kafir,kaxxx
knob,knxxx
knobead,knxxx
knobed,knxxx
knobend,knxxx
knobhead,knxxx
knobjocky,knxxx
knobjokey,knxxx
kock,koxxx
labia,laxxx
lmfao,lmxxx
lust,luxxx
lusting,luxxx
mammy,maxxx
masochist,maxxx
masterbate,maxxx
masterbation,maxxx
masterbations,maxxx
masturbate,maxxx
mo-fo,moxxx
mothafuck,moxxx
mothafucka,moxxx
mothafuckas,moxxx
mothafuckaz,moxxx
mothafucked ,moxxx
mothafucker,moxxx
mothafuckers,moxxx
mothafuckin,moxxx
mothafucking ,moxxx
mothafuckings,moxxx
mothafucks,moxxx
mother fucker,moxxx
motherfuck,moxxx
motherfucked,moxxx
motherfucker,moxxx
motherfuckers,moxxx
motherfuckin,moxxx
motherfucking,moxxx
motherfuckings,moxxx
motherfuckka,moxxx
motherfucks,moxxx
muff,muxxx
mutha,muxxx
n1gga,nxxx
n1gger,nxxx
nazi,nxxx
nigg3r,nxxx
nigg4h,nxxx
nigga,nxxx
niggah,nxxx
niggas,nxxx
niggaz,nxxx
nigger,nxxx
niggers ,nxxx
nip,nixxx
nob,noxxx
nob jokey,noxxx
nobhead,noxxx
nobjocky,noxxx
nobjokey,noxxx
numbnuts,nuxxx
nutsack,nuxxx
orgasim ,orxxx
orgasims ,orxxx
orgasm,orxxx
orgasms ,orxxx
paki,paxxx
pawn,paxxx
pecker,pexxx
penis,pexxx
pickaninny,pixxx
pigfucker,pixxx
piss,pixxx
pissed,pixxx
pisser,pixxx
pissers,pixxx
pisses ,pixxx
pissflaps,pixxx
pissin ,pixxx
pissing,pixxx
pissoff ,pixxx
poop,poxxx
prick,prxxx
pricks ,prxxx
pron,prxxx
pube,puxxx
pussies,puxxx
pussy,puxxx
pussys ,puxxx
raghead,raxxx
rectum,rexxx
retard,rexxx
rimjaw,rixxx
rimming,rixxx
schlong,scxxx
scrotum,scxxx
semen,sexxx
sex,sexxx
shemale,shxxx
shit,shxxx
shitdick,shxxx
shited,shxxx
shitey,shxxx
shitfuck,shxxx
shitfull,shxxx
shithead,shxxx
shiting,shxxx
shitings,shxxx
shits,shxxx
shitted,shxxx
shitter,shxxx
shitters ,shxxx
shitting,shxxx
shittings,shxxx
shitty ,shxxx
skank,skxxx
slut,slxxx
sluts,slxxx
smegma,smxxx
smut,smxxx
snatch,snxxx
son-of-a-bitch,soxxx
spac,spxxx
spic,spxxx
spick,spxxx
spik,spxxx
spunk,spxxx
testical,texxx
testicle,texxx
tit,tixxx
titfuck,tixxx
tits,tixxx
titt,tixxx
tittie5,tixxx
tittiefucker,tixxx
titties,tixxx
tittyfuck,tixxx
tittywank,tixxx
titwank,tixxx
tosser,toxxx
towelhead,toxxx
turd,tuxxx
twat,twxxx
twathead,twxxx
twatty,twxxx
twunt,twxxx
twunter,twxxx
vagina,vaxxx
viagra,vixxx
vulva,vuxxx
wang,waxxx
wank,waxxx
wanker,waxxx
wanky,waxxx
wetback,wexxx
whoar,whxxx
whore,whxxx
willies,wixxx
willy,wixxx
